AEROPORTO III,Hora,Dia,Dia da semana,Temperatura,Umidade Relativa do Ar,Feriados
8.138896227,24,1,3,21.8,88,1
8.563321781,1,1,3,22.15,86.5,1
8.392330217,2,1,3,22.5,85,1
7.265617418,3,1,3,22.85,83.5,1
6.79844389,4,1,3,23.2,82,1
5.711425686,5,1,3,23.55,80.5,1
5.314480972,6,1,3,23.9,79,1
6.404552507,7,1,3,24.25,77.5,1
8.572482085,8,1,3,24.6,76,1
12.6182662,9,1,3,24.95,74.5,1
17.67320609,10,1,3,25.3,73,1
21.00448961,11,1,3,25.65,71.5,1
21.9281497,12,1,3,26,70,1
20.27166786,13,1,3,26.13333333,69.5,1
17.38160429,14,1,3,26.26666667,69,1
15.63046708,15,1,3,26.4,68.5,1
14.01062651,16,1,3,26.53333333,68,1
14.41825833,17,1,3,26.66666667,67.5,1
15.31901779,18,1,3,26.8,67,1
17.85641165,19,1,3,25.93333333,70.66666667,1
17.06404858,20,1,3,25.06666667,74.33333333,1
16.55260024,21,1,3,24.2,78,1
14.18161831,22,1,3,23.33333333,81.66666667,1
12.83658576,23,1,3,22.46666667,85.33333333,1
9.519042826,24,2,4,21.6,89,0
7.114473057,1,2,4,21.91666667,87.25,0
5.117535162,2,2,4,22.23333333,85.5,0
5.149596119,3,2,4,22.55,83.75,0
4.974024391,4,2,4,22.86666667,82,0
4.955703831,5,2,4,23.18333333,80.25,0
5.85035646,6,2,4,23.5,78.5,0
8.302254152,7,2,4,23.81666667,76.75,0
12.49307566,8,2,4,24.13333333,75,0
17.5235888,9,2,4,24.45,73.25,0
22.79074125,10,2,4,24.76666667,71.5,0
27.06095219,11,2,4,25.08333333,69.75,0
28.27468681,12,2,4,25.4,68,0
28.10216875,13,2,4,25.66666667,67,0
25.79530849,14,2,4,25.93333333,66,0
23.79837046,15,2,4,26.2,65,0
19.55411386,16,2,4,26.46666667,64,0
20.18159227,17,2,4,26.73333333,63,0
20.8609786,18,2,4,27,62,0
22.28234663,19,2,4,26.56666667,63.66666667,0
21.23960285,20,2,4,26.13333333,65.33333333,0
20.18922577,21,2,4,25.7,67,0
16.19076972,22,2,4,25.26666667,68.66666667,0
14.36940365,23,2,4,24.83333333,70.33333333,0
11.65185804,24,3,5,24.4,72,0
8.045766687,1,3,5,24.66666667,70.83333333,0
5.581655312,2,3,5,24.93333333,69.66666667,0
5.283946586,3,3,5,25.2,68.5,0
5.007612014,4,3,5,25.46666667,67.33333333,0
5.044252896,5,3,5,25.73333333,66.16666667,0
6.190812898,6,3,5,26,65,0
9.862552643,7,3,5,26.26666667,63.83333333,0
13.56177344,8,3,5,26.53333333,62.66666667,0
17.77702227,9,3,5,26.8,61.5,0
22.96631317,10,3,5,27.06666667,60.33333333,0
26.17545948,11,3,5,27.33333333,59.16666667,0
27.22430992,12,3,5,27.6,58,0
26.4777482,13,3,5,27.83333333,58.33333333,0
25.93423891,14,3,5,28.06666667,58.66666667,0
23.74188223,15,3,5,28.3,59,0
20.78769646,16,3,5,28.53333333,59.33333333,0
22.3846364,17,3,5,28.76666667,59.66666667,0
22.0548667,18,3,5,29,60,0
22.90982447,19,3,5,28.43333333,61.16666667,0
22.46249847,20,3,5,27.86666667,62.33333333,0
20.10678358,21,3,5,27.3,63.5,0
15.77855778,22,3,5,26.73333333,64.66666667,0
13.20452318,23,3,5,26.16666667,65.83333333,0
11.46865268,24,4,6,25.6,67,0
7.827446985,1,4,6,25.63333333,67.41666667,0
6.92668767,2,4,6,25.66666667,67.83333333,0
5.517533422,3,4,6,25.7,68.25,0
5.053413248,4,4,6,25.73333333,68.66666667,0
5.02593255,5,4,6,25.76666667,69.08333333,0
5.604555964,6,4,6,25.8,69.5,0
8.944999743,7,4,6,25.83333333,69.91666667,0
13.13582106,8,4,6,25.86666667,70.33333333,0
19.47014484,9,4,6,25.9,70.75,0
24.29607821,10,4,6,25.93333333,71.16666667,0
27.19377556,11,4,6,25.96666667,71.58333333,0
28.50827341,12,4,6,26,72,0
28.49147987,13,4,6,27.06666667,65.33333333,0
27.29606504,14,4,6,28.13333333,58.66666667,0
26.56477165,15,4,6,29.2,52,0
26.56477165,16,4,6,30.26666667,45.33333333,0
24.25027695,17,4,6,31.33333333,38.66666667,0
23.56783705,18,4,6,32.4,32,0
23.25944176,19,4,6,31.46666667,34.66666667,0
22.72814589,20,4,6,30.53333333,37.33333333,0
20.38311806,21,4,6,29.6,40,0
15.09764452,22,4,6,28.66666667,42.66666667,0
15.05795016,23,4,6,27.73333333,45.33333333,0
11.9083457,24,5,6,26.8,48,0
9.686980963,1,5,7,26.75,48.5,0
7.293098259,2,5,7,26.7,49,0
5.398449945,3,5,7,26.65,49.5,0
5.302267218,4,5,7,26.6,50,0
5.134328961,5,5,7,26.55,50.5,0
5.696158695,6,5,7,26.5,51,0
7.459509921,7,5,7,26.45,51.5,0
10.88850265,8,5,7,26.4,52,0
13.98467255,9,5,7,26.35,52.5,0
21.2411294,10,5,7,26.3,53,0
24.77393875,11,5,7,26.25,53.5,0
26.82889166,12,5,7,26.2,54,0
26.19072685,13,5,7,26.9,51.16666667,0
23.44112005,14,5,7,27.6,48.33333333,0
19.79991446,15,5,7,28.3,45.5,0
20.72357483,16,5,7,29,42.66666667,0
19.44113722,17,5,7,29.7,39.83333333,0
21.22128296,18,5,7,30.4,37,0
21.22128296,19,5,7,29.53333333,39.33333333,0
21.22128296,20,5,7,28.66666667,41.66666667,0
21.22128296,21,5,7,27.8,44,0
21.22128296,22,5,7,26.93333333,46.33333333,0
21.22128296,23,5,7,26.06666667,48.66666667,0
21.22128296,24,6,1,25.2,51,0
21.22128296,1,6,1,25.26666667,51,0
21.22128296,2,6,1,25.33333333,51,0
21.22128296,3,6,1,25.4,51,0
21.22128296,4,6,1,25.46666667,51,0
21.22128296,5,6,1,25.53333333,51,0
8.430498123,6,6,1,25.6,51,0
11.24575291,7,6,1,25.66666667,51,0
12.7175025,8,6,1,25.73333333,51,0
16.12817469,9,6,1,25.8,51,0
20.02739458,10,6,1,25.86666667,51,0
22.1296751,11,6,1,25.93333333,51,0
22.9113513,12,6,1,26,51,0
22.13272877,13,6,1,26.76666667,48.33333333,0
21.19074802,14,6,1,27.53333333,45.66666667,0
18.40423596,15,6,1,28.3,43,0
18.00144901,16,6,1,29.06666667,40.33333333,0
19.66861725,17,6,1,29.83333333,37.66666667,0
21.19685526,18,6,1,30.6,35,0
23.83501158,19,6,1,29.63333333,37.83333333,0
22.8716568,20,6,1,28.66666667,40.66666667,0
21.30677824,21,6,1,27.7,43.5,0
17.65488567,22,6,1,26.73333333,46.33333333,0
15.98313699,23,6,1,25.76666667,49.16666667,0
10.62285495,24,7,2,24.8,52,0
7.329739308,1,7,2,24.79166667,52.33333333,0
5.406083512,2,7,2,24.78333333,52.66666667,0
4.949596953,3,7,2,24.775,53,0
4.745017719,4,7,2,24.76666667,53.33333333,0
5.085474157,5,7,2,24.75833333,53.66666667,0
8.277826858,6,7,2,24.75,54,0
11.27170701,7,7,2,24.74166667,54.33333333,0
13.12513404,8,7,2,24.73333333,54.66666667,0
15.1846673,9,7,2,24.725,55,0
17.93885365,10,7,2,24.71666667,55.33333333,0
20.24876728,11,7,2,24.70833333,55.66666667,0
20.13731766,12,7,2,24.7,56,0
20.15258474,13,7,2,25.41666667,53.66666667,0
19.88846378,14,7,2,26.13333333,51.33333333,0
18.09610491,15,7,2,26.85,49,0
16.24878464,16,7,2,27.56666667,46.66666667,0
20.28693514,17,7,2,28.28333333,44.33333333,0
20.59227753,18,7,2,29,42,0
22.49913931,19,7,2,28.2,42,0
22.73425293,20,7,2,27.4,42,0
21.23044262,21,7,2,26.6,42,0
17.34343648,22,7,2,25.8,42,0
14.99077497,23,7,2,25,42,0
11.06407428,24,8,3,24.2,59,0
7.025923848,1,8,3,24.23333333,58.25,0
5.783645054,2,8,3,24.26666667,57.5,0
5.109901571,3,8,3,24.3,56.75,0
4.95723052,4,8,3,24.33333333,56,0
5.280672411,5,8,3,24.36666667,55.25,0
8.438131571,6,8,3,24.4,54.5,0
11.85033054,7,8,3,24.43333333,53.75,0
13.34040031,8,8,3,24.46666667,53,0
14.97245426,9,8,3,24.5,52.25,0
17.26557407,10,8,3,24.53333333,51.5,0
19.37701559,11,8,3,24.56666667,50.75,0
20.35105724,12,8,3,24.6,50,0
20.35869055,13,8,3,25.36666667,48.83333333,0
19.24877195,14,8,3,26.13333333,47.66666667,0
18.16938686,15,8,3,26.9,46.5,0
18.02005791,16,8,3,27.66666667,45.33333333,0
21.22128296,17,8,3,28.43333333,44.16666667,0
21.22128296,18,8,3,29.2,43,0
25.06859398,19,8,3,28.4,45.16666667,0
20.30525589,20,8,3,27.6,47.33333333,0
21.22128296,21,8,3,26.8,49.5,0
21.22128296,22,8,3,26,51.66666667,0
21.22128296,23,8,3,25.2,53.83333333,0
21.22128296,24,9,4,24.4,56,0
7.653213181,1,9,4,24.51666667,55.25,0
5.287880005,2,9,4,24.63333333,54.5,0
5.151122785,3,9,4,24.75,53.75,0
5.054940057,4,9,4,24.86666667,53,0
5.348068452,5,9,4,24.98333333,52.25,0
8.351109052,6,9,4,25.1,51.5,0
11.54040828,7,9,4,25.21666667,50.75,0
13.28696542,8,9,4,25.33333333,50,0
14.77245522,9,9,4,25.45,49.25,0
18.96175013,10,9,4,25.56666667,48.5,0
20.94342098,11,9,4,25.68333333,47.75,0
21.15410719,12,9,4,25.8,47,0
20.87929916,13,9,4,26.56666667,45,0
20.75563555,14,9,4,27.33333333,43,0
20.70219994,15,9,4,28.1,41,0
17.40755825,16,9,4,28.86666667,39,0
20.21975985,17,9,4,29.63333333,37,0
22.02127876,18,9,4,30.4,35,0
24.8792819,19,9,4,24.46666667,77.33333333,0
22.87318373,20,9,4,24.81666667,75.83333333,0
21.08998547,21,9,4,25.16666667,74.33333333,0
16.29611273,22,9,4,25.3,73.83333333,0
15.14802628,23,9,4,25.43333333,73.33333333,0
11.10071559,24,10,5,25.4,61,0
7.937370372,1,10,5,25.4,60.91666667,0
5.714479208,2,10,5,25.4,60.83333333,0
5.326833393,3,10,5,25.4,60.75,0
5.082178312,4,10,5,25.4,60.66666667,0
5.522113585,5,10,5,25.4,60.58333333,0
8.963319969,6,10,5,25.4,60.5,0
12.00605497,7,10,5,25.4,60.41666667,0
13.94955797,8,10,5,25.4,60.33333333,0
17.61366415,9,10,5,25.4,60.25,0
20.12815704,10,10,5,25.4,60.16666667,0
22.65486393,11,10,5,25.4,60.08333333,0
23.93166586,12,10,5,25.4,60,0
24.07012529,13,10,5,24.6,62.5,0
23.90371342,14,10,5,23.8,65,0
23.36478434,15,10,5,23,67.5,0
18.16633368,16,10,5,22.2,70,0
17.71900749,17,10,5,21.4,72.5,0
19.68083096,18,10,5,20.6,75,0
21.35563288,19,10,5,20.5,76.83333333,0
20.37853765,20,10,5,20.4,78.66666667,0
17.81519012,21,10,5,20.3,80.5,0
13.7724596,22,10,5,20.2,82.33333333,0
12.55872445,23,10,5,20.1,84.16666667,0
10.01827726,24,11,6,20,86,0
7.613707685,1,11,6,20.41666667,84.41666667,0
6.563330436,2,11,6,20.83333333,82.83333333,0
5.459518337,3,11,6,21.25,81.25,0
5.183183789,4,11,6,21.66666667,79.66666667,0
4.876314831,5,11,6,22.08333333,78.08333333,0
6.024401355,6,11,6,22.5,76.5,0
9.517516232,7,11,6,22.91666667,74.91666667,0
14.54955549,8,11,6,23.33333333,73.33333333,0
19.59228172,9,11,6,23.75,71.75,0
24.65943565,10,11,6,24.16666667,70.16666667,0
27.36934719,11,11,6,24.58333333,68.58333333,0
28.03346653,12,11,6,25,67,0
27.74797192,13,11,6,25.56666667,64.66666667,0
26.52354975,14,11,6,26.13333333,62.33333333,0
25.42279091,15,11,6,26.7,60,0
22.88539724,16,11,6,27.26666667,57.66666667,0
23.70829439,17,11,6,27.83333333,55.33333333,0
21.21517582,18,11,6,28.4,53,0
22.02738562,19,11,6,27.43333333,56.5,0
20.54189596,20,11,6,26.46666667,60,0
16.72969875,21,11,6,25.5,63.5,0
13.77093287,22,11,6,24.53333333,67,0
13.43047638,23,11,6,23.56666667,70.5,0
10.40453534,24,12,7,22.6,74,0
8.621336746,1,12,7,22.9,72.91666667,0
6.780123353,2,12,7,23.2,71.83333333,0
5.583182001,3,12,7,23.5,70.75,0
5.103912207,4,12,7,23.8,69.66666667,0
5.169443393,5,12,7,24.1,68.58333333,0
5.3418813,6,12,7,24.4,67.5,0
8.056453776,7,12,7,24.7,66.41666667,0
11.49460692,8,12,7,25,65.33333333,0
17.12206354,9,12,7,25.3,64.25,0
22.2930336,10,12,7,25.6,63.16666667,0
25.1525631,11,12,7,25.9,62.08333333,0
26.89912052,12,12,7,26.2,61,0
26.29454288,13,12,7,26.8,58.5,0
23.07623644,14,12,7,27.4,56,0
20.17701206,15,12,7,28,53.5,0
18.64877429,16,12,7,28.6,51,0
16.99839969,17,12,7,29.2,48.5,0
19.60602226,18,12,7,29.8,46,0
21.09303827,19,12,7,28.46666667,52.16666667,0
18.21518841,20,12,7,27.13333333,58.33333333,0
17.04725437,21,12,7,25.8,64.5,0
15.48695579,22,12,7,24.46666667,70.66666667,0
12.92818847,23,12,7,23.13333333,76.83333333,0
9.538890076,24,13,1,21.8,83,0
7.308365369,1,13,1,22.06666667,81.25,0
5.651884055,2,13,1,22.33333333,79.5,0
5.175550151,3,13,1,22.6,77.75,0
5.218298101,4,13,1,22.86666667,76,0
5.412190461,5,13,1,23.13333333,74.25,0
8.81522913,6,13,1,23.4,72.5,0
11.34193568,7,13,1,23.66666667,70.75,0
13.22131701,8,13,1,23.93333333,69,0
15.78161116,9,13,1,24.2,67.25,0
18.8976285,10,13,1,24.46666667,65.5,0
21.76631813,11,13,1,24.73333333,63.75,0
21.94036303,12,13,1,25,62,0
20.50372829,13,13,1,25.3,62.66666667,0
18.56022511,14,13,1,25.6,63.33333333,0
16.49611211,15,13,1,25.9,64,0
16.49611197,16,13,1,26.2,64.66666667,0
18.34495902,17,13,1,26.5,65.33333333,0
20.63502522,18,13,1,26.8,66,0
18.53121762,19,13,1,25.56666667,69,0
20.82891788,20,13,1,24.33333333,72,0
18.81823921,21,13,1,23.1,75,0
13.96635199,22,13,1,21.86666667,78,0
11.731247,23,13,1,20.63333333,81,0
9.661027002,24,14,2,19.4,84,0
6.995389581,1,14,2,19.86666667,82,0
5.596922421,2,14,2,20.33333333,80,0
4.993871641,3,14,2,20.8,78,0
5.233565259,4,14,2,21.26666667,76,0
5.545014191,5,14,2,21.73333333,74,0
8.566375089,6,14,2,22.2,72,0
10.77094584,7,14,2,22.66666667,70,0
12.2152144,8,14,2,23.13333333,68,0
14.82131009,9,14,2,23.6,66,0
17.19076548,10,14,2,24.06666667,64,0
19.96174593,11,14,2,24.53333333,62,0
20.28235531,12,14,2,25,60,0
20.29762211,13,14,2,25.76666667,58.33333333,0
19.2502986,14,14,2,26.53333333,56.66666667,0
17.93580031,15,14,2,27.3,55,0
17.0503078,16,14,2,28.06666667,53.33333333,0
19.12663507,17,14,2,28.83333333,51.66666667,0
20.94647408,18,14,2,29.6,50,0
20.94647408,19,14,2,27.86666667,55.83333333,0
20.91288652,20,14,2,26.13333333,61.66666667,0
18.8823616,21,14,2,24.4,67.5,0
15.18619404,22,14,2,22.66666667,73.33333333,0
13.02284446,23,14,2,20.93333333,79.16666667,0
9.952628613,24,15,3,19.2,85,0
6.854932308,1,15,3,19.7,83.5,0
5.607609463,2,15,3,20.2,82,0
5.140435863,3,15,3,20.7,80.5,0
4.97707777,4,15,3,21.2,79,0
5.091298457,5,15,3,21.7,77.5,0
9.038128901,6,15,3,22.2,76,0
11.41827111,7,15,3,22.7,74.5,0
13.47169747,8,15,3,23.2,73,0
15.03352294,9,15,3,23.7,71.5,0
18.08541813,10,15,3,24.2,70,0
20.24876728,11,15,3,24.7,68.5,0
21.2731904,12,15,3,25.2,67,0
20.07319584,13,15,3,24.63333333,68.66666667,0
16.26405172,14,15,3,24.06666667,70.33333333,0
15.69153538,15,15,3,23.5,72,0
15.01672897,16,15,3,22.93333333,73.66666667,0
17.19687219,17,15,3,22.36666667,75.33333333,0
18.95564318,18,15,3,21.8,77,0
23.07012911,19,15,3,21.86666667,76.83333333,0
22.19227057,20,15,3,21.93333333,76.66666667,0
19.83655539,21,15,3,22,76.5,0
15.0732173,22,15,3,22.06666667,76.33333333,0
13.79688697,23,15,3,22.13333333,76.16666667,0
10.18316212,24,16,4,22.2,76,0
7.044244361,1,16,4,22.06666667,76.08333333,0
6.564857006,2,16,4,21.93333333,76.16666667,0
5.128222156,3,16,4,21.8,76.25,0
4.653415084,4,16,4,21.66666667,76.33333333,0
5.312953949,5,16,4,21.53333333,76.41666667,0
8.88545785,6,16,4,21.4,76.5,0
10.22896342,7,16,4,21.26666667,76.58333333,0
11.21979895,8,16,4,21.13333333,76.66666667,0
12.55872436,9,16,4,21,76.75,0
14.69153948,10,16,4,20.86666667,76.83333333,0
18.39228697,11,16,4,20.73333333,76.91666667,0
19.71594515,12,16,4,20.6,77,0
19.23197813,13,16,4,21.76666667,73.83333333,0
19.68541126,14,16,4,22.93333333,70.66666667,0
16.84878187,15,16,4,24.1,67.5,0
15.86100016,16,16,4,25.26666667,64.33333333,0
18.66404171,17,16,4,26.43333333,61.16666667,0
21.97547789,18,16,4,27.6,58,0
24.3357728,19,16,4,26.83333333,60,0
23.14646511,20,16,4,26.06666667,62,0
21.00448961,21,16,4,25.3,64,0
16.26710544,22,16,4,24.53333333,66,0
14.25490026,23,16,4,23.76666667,68,0
9.703774977,24,17,5,23,70,0
7.086992264,1,17,5,23.18333333,69.66666667,0
5.981653571,2,17,5,23.36666667,69.33333333,0
5.319060993,3,17,5,23.55,69,0
5.062573576,4,17,5,23.73333333,68.66666667,0
5.535853982,5,17,5,23.91666667,68.33333333,0
8.938892746,6,17,5,24.1,68,0
10.89918971,7,17,5,24.28333333,67.66666667,0
13.41062908,8,17,5,24.46666667,67.33333333,0
16.75107288,9,17,5,24.65,67,0
20.14800453,10,17,5,24.83333333,66.66666667,0
22.89761095,11,17,5,25.01666667,66.33333333,0
23.15867863,12,17,5,25.2,66,0
13.00605083,13,17,5,24.76666667,67.66666667,0
18.186181,14,17,5,24.33333333,69.33333333,0
19.63044949,15,17,5,23.9,71,0
17.24420033,16,17,5,23.46666667,72.66666667,0
18.17396708,17,17,5,23.03333333,74.33333333,0
20.70067387,18,17,5,22.6,76,0
21.40448761,19,17,5,21.83333333,79.83333333,0
17.61824417,20,17,5,21.06666667,83.66666667,0
15.86252683,21,17,5,20.3,87.5,0
12.03200912,22,17,5,19.53333333,91.33333333,0
11.51445394,23,17,5,18.76666667,95.16666667,0
8.902251625,24,18,6,18,99,0
7.384700918,1,18,6,18.38333333,96.91666667,0
6.054935622,2,18,6,18.76666667,94.83333333,0
5.6091362,3,18,6,19.15,92.75,0
5.482419062,4,18,6,19.53333333,90.66666667,0
5.409136939,5,18,6,19.91666667,88.58333333,0
6.506842113,6,18,6,20.3,86.5,0
8.415230775,7,18,6,20.68333333,84.41666667,0
13.82742109,8,18,6,21.06666667,82.33333333,0
21.60906687,9,18,6,21.45,80.25,0
25.56019478,10,18,6,21.83333333,78.16666667,0
28.1907176,11,18,6,22.21666667,76.08333333,0
28.82277651,12,18,6,22.6,74,0
28.13880959,13,18,6,22.88333333,73.16666667,0
26.05942926,14,18,6,23.16666667,72.33333333,0
24.23500967,15,18,6,23.45,71.5,0
22.538834,16,18,6,23.73333333,70.66666667,0
22.24570541,17,18,6,24.01666667,69.83333333,0
21.69456282,18,18,6,26,64,0
21.67318878,19,18,6,25.50833333,65.41666667,0
20.43502645,20,18,6,25.01666667,66.83333333,0
18.84724655,21,18,6,24.525,68.25,0
14.12971001,22,18,6,24.03333333,69.66666667,0
12.39231291,23,18,6,23.54166667,71.08333333,0
10.13888745,24,19,7,20.1,81,0
8.363322735,1,19,7,20.24166667,80.5,0
6.906840467,2,19,7,20.38333333,80,0
5.983180308,3,19,7,20.525,79.5,0
5.638403537,4,19,7,20.66666667,79,0
5.27783978,5,19,7,20.80833333,78.5,0
5.857989979,6,19,7,20.95,78,0
6.980122542,7,19,7,21.09166667,77.5,0
11.66101828,8,19,7,21.23333333,77,0
14.53428841,9,19,7,21.375,76.5,0
14.53428841,10,19,7,21.51666667,76,0
16.24363067,11,19,7,21.65833333,75.5,0
26.64263277,12,19,7,21.8,75,0
25.63195038,13,19,7,22.73333333,71.66666667,0
22.59532242,14,19,7,23.66666667,68.33333333,0
19.28388605,15,19,7,24.6,65,0
18.54190474,16,19,7,25.53333333,61.66666667,0
18.33885212,17,19,7,26.46666667,58.33333333,0
20.5235755,18,19,7,27.4,55,0
20.87777252,19,19,7,26.76666667,57,0
18.82892618,20,19,7,26.13333333,59,0
18.51137047,21,19,7,25.5,61,0
16.58008108,22,19,7,24.86666667,63,0
13.86864228,23,19,7,24.23333333,65,0
10.35262718,24,20,1,23.6,67,0
7.545005631,1,20,1,23.66666667,67.33333333,0
5.603029203,2,20,1,23.73333333,67.66666667,0
5.558754706,3,20,1,23.8,68,0
5.369442487,4,20,1,23.86666667,68.33333333,0
5.639670229,5,20,1,23.93333333,68.66666667,0
9.22438755,6,20,1,24,69,0
11.40300422,7,20,1,24.06666667,69.33333333,0
12.91750154,8,20,1,24.13333333,69.66666667,0
16.0121448,9,20,1,24.2,70,0
17.7907629,10,20,1,24.26666667,70.33333333,0
20.72815447,11,20,1,24.33333333,70.66666667,0
21.12509975,12,20,1,24.4,71,0
19.26709261,13,20,1,24.63333333,69.83333333,0
18.8533534,14,20,1,24.86666667,68.66666667,0
18.50526333,15,20,1,25.1,67.5,0
16.61672196,16,20,1,25.33333333,66.33333333,0
18.81365919,17,20,1,25.56666667,65.16666667,0
21.08693171,18,20,1,25.8,64,0
23.58463116,19,20,1,25.4,65.83333333,0
22.10219479,20,20,1,25,67.66666667,0
21.49609041,21,20,1,24.6,69.5,0
17.29152822,22,20,1,24.2,71.33333333,0
15.85947356,23,20,1,23.8,73.16666667,0
9.632019567,24,21,2,23.4,75,0
7.131266904,1,21,2,23.36666667,75,0
5.754173613,2,21,2,23.33333333,75,0
5.445777988,3,21,2,23.3,75,0
5.364862323,4,21,2,23.26666667,75,0
5.752646899,5,21,2,23.23333333,75,0
8.984694004,6,21,2,23.2,75,0
11.00300593,7,21,2,23.16666667,75,0
11.87781119,8,21,2,23.13333333,75,0
13.98161883,9,21,2,23.1,75,0
16.57092094,10,21,2,23.06666667,75,0
18.74343061,11,21,2,23.03333333,75,0
19.31289368,12,21,2,23,75,0
19.47167149,13,21,2,23.63333333,71.83333333,0
17.43809261,14,21,2,24.26666667,68.66666667,0
16.08237324,15,21,2,24.9,65.5,0
15.14497261,16,21,2,25.53333333,62.33333333,0
17.84114437,17,21,2,26.16666667,59.16666667,0
21.17090073,18,21,2,26.8,56,0
23.47962898,19,21,2,25.8,61.16666667,0
22.29456015,20,21,2,24.8,66.33333333,0
21.57853298,21,21,2,23.8,71.5,0
15.83046598,22,21,2,22.8,76.66666667,0
14.77703547,23,21,2,21.8,81.83333333,0
9.873239756,24,22,3,20.8,87,0
7.193862033,1,22,3,21,85.16666667,0
5.793868113,2,22,3,21.2,83.33333333,0
5.265626121,3,22,3,21.4,81.5,0
5.077840662,4,22,3,21.6,79.66666667,0
5.65493741,5,22,3,21.8,77.83333333,0
9.190799999,6,22,3,22,76,0
11.01674638,7,22,3,22.2,74.16666667,0
11.42437811,8,22,3,22.4,72.33333333,0
13.60299463,9,22,3,22.6,70.5,0
16.16786909,10,22,3,22.8,68.66666667,0
16.63504276,11,22,3,23,66.83333333,0
20.77242947,12,22,3,23.2,65,0
18.91747551,13,22,3,23.93333333,63.5,0
18.45793543,14,22,3,24.66666667,62,0
17.07931552,15,22,3,25.4,60.5,0
16.09764032,16,22,3,26.13333333,59,0
17.50984793,17,22,3,26.86666667,57.5,0
20.50067501,18,22,3,27.6,56,0
23.44570026,19,22,3,26.93333333,58.83333333,0
22.11898851,20,22,3,26.26666667,61.66666667,0
20.29762239,21,22,3,25.6,64.5,0
16.71595817,22,22,3,24.93333333,67.33333333,0
14.84268408,23,22,3,24.26666667,70.16666667,0
10.22438335,24,23,4,23.6,73,0
10.13736057,1,23,4,23.56666667,73.58333333,0
10.13736057,2,23,4,23.53333333,74.16666667,0
5.198450875,3,23,4,23.5,74.75,0
5.134328914,4,23,4,23.46666667,75.33333333,0
5.398450065,5,23,4,23.43333333,75.91666667,0
8.801488638,6,23,4,23.4,76.5,0
11.00147924,7,23,4,23.36666667,77.08333333,0
12.00605497,8,23,4,23.33333333,77.66666667,0
16.15565567,9,23,4,23.3,78.25,0
18.02892976,10,23,4,23.26666667,78.83333333,0
19.63502951,11,23,4,23.23333333,79.41666667,0
20.12052374,12,23,4,23.2,80,0
20.32204952,13,23,4,23.96666667,76.16666667,0
19.41212959,14,23,4,24.73333333,72.33333333,0
15.19993424,15,23,4,25.5,68.5,0
18.38312674,16,23,4,26.26666667,64.66666667,0
18.86098719,17,23,4,27.03333333,60.83333333,0
22.59990253,18,23,4,27.8,57,0
24.3556201,19,23,4,26.9,59.16666667,0
22.29456024,20,23,4,26,61.33333333,0
19.82892246,21,23,4,25.1,63.5,0
14.88085175,22,23,4,24.2,65.66666667,0
13.82742124,23,23,4,23.3,67.83333333,0
10.50682487,24,24,5,22.4,70,0
7.354166651,1,24,5,22.66666667,69,0
6.377071714,2,24,5,22.93333333,68,0
5.755700326,3,24,5,23.2,67,0
5.555701232,4,24,5,23.46666667,66,0
6.140431499,5,24,5,23.73333333,65,0
10.06713209,6,24,5,24,64,0
12.00452833,7,24,5,24.26666667,63,0
13.64116249,8,24,5,24.53333333,62,0
13.64879608,9,24,5,24.8,61,0
20.30525579,10,24,5,25.06666667,60,0
21.96021042,11,24,5,25.33333333,59,0
23.24570084,12,24,5,25.6,58,0
21.0945652,13,24,5,25.13333333,60.83333333,0
19.66556377,14,24,5,24.66666667,63.66666667,0
13.36024771,15,24,5,24.2,66.5,0
13.11750045,16,24,5,23.73333333,69.33333333,0
23.35867777,17,24,5,23.26666667,72.16666667,0
22.85486317,18,24,5,22.8,75,0
22.52967358,19,24,5,22.23333333,77.83333333,0
20.31288939,20,24,5,21.66666667,80.66666667,0
18.13732615,21,24,5,21.1,83.5,0
14.01215305,22,24,5,20.53333333,86.33333333,0
13.15108814,23,24,5,19.96666667,89.16666667,0
10.58774066,24,25,6,19.4,92,0
8.022866082,1,25,6,19.73333333,90.08333333,0
7.09767921,2,25,6,20.06666667,88.16666667,0
6.256461525,3,25,6,20.4,86.25,0
5.941959071,4,25,6,20.73333333,84.33333333,0
6.064095926,5,25,6,21.06666667,82.41666667,0
6.786230254,6,25,6,21.4,80.5,0
10.03049107,7,25,6,21.73333333,78.58333333,0
14.75254661,8,25,6,22.06666667,76.66666667,0
21.48693008,9,25,6,22.4,74.75,0
26.42889366,10,25,6,22.73333333,72.83333333,0
28.4136179,11,25,6,23.06666667,70.91666667,0
29.29758301,12,25,6,23.4,69,0
29.01819515,13,25,6,24.23333333,66.16666667,0
28.57239542,14,25,6,25.06666667,63.33333333,0
27.17240162,15,25,6,25.9,60.5,0
25.81515589,16,25,6,26.73333333,57.66666667,0
23.94340811,17,25,6,27.56666667,54.83333333,0
22.37089567,18,25,6,28.4,52,0
22.28997993,19,25,6,27.1,58,0
20.52510223,20,25,6,25.8,64,0
18.76022425,21,25,6,24.5,70,0
14.30222826,22,25,6,23.2,76,0
13.81822137,23,25,6,21.9,82,0
10.98066426,24,26,7,20.6,88,0
9.186219788,1,26,7,21.03333333,85.66666667,0
7.847294529,2,26,7,21.46666667,83.33333333,0
7.114473081,3,26,7,21.9,81,0
6.149591732,4,26,7,22.33333333,78.66666667,0
6.100737047,5,26,7,22.76666667,76.33333333,0
6.613711882,6,26,7,23.2,74,0
8.593856049,7,26,7,23.63333333,71.66666667,0
12.65948734,8,26,7,24.06666667,69.33333333,0
18.64724779,9,26,7,24.5,67,0
23.16783857,10,26,7,24.93333333,64.66666667,0
26.02431507,11,26,7,25.36666667,62.33333333,0
27.97850504,12,26,7,25.8,60,0
26.88537989,13,26,7,26.43333333,120,0
24.17852135,14,26,7,27.06666667,180,0
21.65486841,15,26,7,27.7,240,0
20.18922577,16,26,7,28.33333333,300,0
20.36327095,17,26,7,28.96666667,360,0
22.75868025,18,26,7,29.6,46,0
23.38921185,19,26,7,28.83333333,47.66666667,0
20.18769884,20,26,7,28.06666667,49.33333333,0
19.51441956,21,26,7,27.3,51,0
18.37243938,22,26,7,26.53333333,52.66666667,0
15.24115539,23,26,7,25.76666667,54.33333333,0
11.37070815,24,27,1,25,56,0
8.821335983,1,27,1,25.03333333,56.75,0
7.187755156,2,27,1,25.06666667,57.5,0
6.137378025,3,27,1,25.1,58.25,0
6.195393109,4,27,1,25.13333333,59,0
6.723635101,5,27,1,25.16666667,59.75,0
11.02895994,6,27,1,25.2,60.5,0
13.35089853,7,27,1,25.23333333,61.25,0
14.45947943,8,27,1,25.26666667,62,0
17.9174799,9,27,1,25.3,62.75,0
19.31136746,10,27,1,25.33333333,63.5,0
21.21059542,11,27,1,25.36666667,64.25,0
22.24265203,12,27,1,25.4,65,0
23.58005095,13,27,1,25.93333333,61.83333333,0
18.81518579,14,27,1,26.46666667,58.66666667,0
15.52512379,15,27,1,27,55.5,0
14.10528259,16,27,1,27.53333333,52.33333333,0
19.78006697,17,27,1,28.06666667,49.16666667,0
20.20449295,18,27,1,28.6,46,0
26.00904789,19,27,1,27.4,51.16666667,0
24.07623234,20,27,1,26.2,56.33333333,0
29.02277546,21,27,1,25,61.5,0
15.31291094,22,27,1,23.8,66.66666667,0
15.14802618,23,27,1,22.6,71.83333333,0
11.27323375,24,28,2,21.4,77,0
7.978591394,1,28,2,21.65,75.75,0
6.812184358,2,28,2,21.9,74.5,0
6.125164366,3,28,2,22.15,73.25,0
6.326690197,4,28,2,22.4,72,0
6.386231971,5,28,2,22.65,70.75,0
11.1404099,6,28,2,22.9,69.5,0
13.80604734,7,28,2,23.15,68.25,0
13.73429174,8,28,2,23.4,67,0
16.85030909,9,28,2,23.65,65.75,0
18.29610405,10,28,2,23.9,64.5,0
20.31136265,11,28,2,24.15,63.25,0
20.97853518,12,28,2,24.4,62,0
17.90068617,13,28,2,25.13333333,58.16666667,0
16.62893581,14,28,2,25.86666667,54.33333333,0
16.98160591,15,28,2,26.6,50.5,0
14.74039426,16,28,2,27.33333333,46.66666667,0
18.43961496,17,28,2,28.06666667,42.83333333,0
21.72357016,18,28,2,28.8,39,0
25.52355394,19,28,2,28.03333333,39.16666667,0
23.18463249,20,28,2,27.26666667,39.33333333,0
21.27013702,21,28,2,26.5,39.5,0
16.24725809,22,28,2,25.73333333,39.66666667,0
16.52664604,23,28,2,24.96666667,39.83333333,0
11.23048577,24,29,3,24.2,40,0
7.189281869,1,29,3,24.25,40.5,0
5.896157765,2,29,3,24.3,41,0
5.502266264,3,29,3,24.35,41.5,0
5.613716197,4,29,3,24.4,42,0
5.98623383,5,29,3,24.45,42.5,0
10.5953742,6,29,3,24.5,43,0
12.92818832,7,29,3,24.55,43.5,0
13.53429255,8,29,3,24.6,44,0
14.57245612,9,29,3,24.65,44.5,0
16.88084335,10,29,3,24.7,45,0
19.20602398,11,29,3,24.75,45.5,0
21.29456444,12,29,3,24.8,46,0
17.51137466,13,29,3,25.53333333,44.5,0
16.98007936,14,29,3,26.26666667,43,0
16.51443243,15,29,3,27,41.5,0
16.12664766,16,29,3,27.73333333,40,0
18.24266934,17,29,3,28.46666667,38.5,0
22.28081989,18,29,3,29.2,37,0
25.81362896,19,29,3,28.5,39,0
23.55867691,20,29,3,27.8,41,0
21.64570818,21,29,3,27.1,43,0
16.93122473,22,29,3,26.4,45,0
14.81672988,23,29,3,25.7,47,0
10.19690247,24,30,4,25,49,0
7.548059058,1,30,4,25.05,49.66666667,0
6.018294597,2,30,4,25.1,50.33333333,0
5.725166178,3,30,4,25.15,51,0
5.560281229,4,30,4,25.2,51.66666667,0
5.926691961,5,30,4,25.25,52.33333333,0
10.65338926,6,30,4,25.3,53,0
14.06406145,7,30,4,25.35,53.66666667,0
13.9510848,8,30,4,25.4,54.33333333,0
15.79077129,9,30,4,25.45,55,0
17.61824474,10,30,4,25.5,55.66666667,0
20.52815552,11,30,4,25.55,56.33333333,0
21.38311386,12,30,4,25.6,57,0
17.95957368,13,30,4,26.26666667,55.16666667,0
17.4777874,14,30,4,26.93333333,53.33333333,0
16.75412602,15,30,4,27.6,51.5,0
16.3266469,16,30,4,28.26666667,49.66666667,0
18.93579607,17,30,4,28.93333333,47.83333333,0
23.11440411,18,30,4,29.6,46,0
25.63347702,19,30,4,28.86666667,48,0
23.74646225,20,30,4,28.13333333,50,0
21.9678441,21,30,4,27.4,52,0
16.6518363,22,30,4,26.66666667,54,0
13.05795875,23,30,4,25.93333333,56,0
12.56941137,24,31,5,25.2,58,0
7.775538898,1,31,5,25.21666667,57.33333333,0
6.320583391,2,31,5,25.23333333,56.66666667,0
5.567914939,3,31,5,25.25,56,0
5.422877288,4,31,5,25.26666667,55.33333333,0
5.868676901,5,31,5,25.28333333,54.66666667,0
10.82438083,6,31,5,25.3,54,0
14.503754,7,31,5,25.31666667,53.33333333,0
15.23657532,8,31,5,25.33333333,52.66666667,0
18.60602636,9,31,5,25.35,52,0
20.33578997,10,31,5,25.36666667,51.33333333,0
21.88234854,11,31,5,25.38333333,50.66666667,0
23.72050838,12,31,5,25.4,50,0
21.07166452,13,31,5,26.2,47.66666667,0
21.57089949,14,31,5,27,45.33333333,0
20.19075251,15,31,5,27.8,43,0
20.53578892,16,31,5,28.6,40.66666667,0
22.16326313,17,31,5,29.4,38.33333333,0
25.08996782,18,31,5,30.2,36,0
25.26095943,19,31,5,29.38333333,39,0
24.76325197,20,31,5,28.56666667,42,0
22.08234749,21,31,5,27.75,45,0
16.00909114,22,31,5,26.93333333,48,0
12.71444893,23,31,5,26.11666667,51,0
14.17398453,24,1,6,25.3,54,0
9.343470955,1,1,6,25.24166667,53.25,0
7.19996891,2,1,6,25.18333333,52.5,0
5.902264595,3,1,6,25.125,51.75,0
5.874783778,4,1,6,25.06666667,51,0
5.668677831,5,1,6,25.00833333,50.25,0
6.688520718,6,1,6,24.95,49.5,0
9.607592058,7,1,6,24.89166667,48.75,0
15.54802456,8,1,6,24.83333333,48,0
22.19990396,9,1,6,24.775,47.25,0
25.78462152,10,1,6,24.71666667,46.5,0
27.80140686,11,1,6,24.65833333,45.75,0
28.59834976,12,1,6,24.6,45,0
28.73422709,13,1,6,25.55,43.16666667,0
28.62735739,14,1,6,26.5,41.33333333,0
28.05789394,15,1,6,27.45,39.5,0
24.72050381,16,1,6,28.4,37.66666667,0
24.29760532,17,1,6,29.35,35.83333333,0
23.9663085,18,1,6,30.3,34,0
24.35104008,19,1,6,29.51666667,37.33333333,0
23.35257072,20,1,6,28.73333333,40.66666667,0
21.72662373,21,1,6,27.95,44,0
17.06557522,22,1,6,27.16666667,47.33333333,0
14.91596594,23,1,6,26.38333333,50.66666667,0
12.67475429,24,2,7,25.6,54,0
9.412172985,1,2,7,25.41666667,53.66666667,0
7.704801374,2,2,7,25.23333333,53.33333333,0
6.729741883,3,2,7,25.05,53,0
5.954172707,4,2,7,24.86666667,52.66666667,0
5.909898162,5,2,7,24.68333333,52.33333333,0
6.076309681,6,2,7,24.5,52,0
8.064087248,7,2,7,24.31666667,51.66666667,0
11.85491052,8,2,7,24.13333333,51.33333333,0
18.02435007,9,2,7,23.95,51,0
22.33578138,10,2,7,23.76666667,50.66666667,0
25.69301834,11,2,7,23.58333333,50.33333333,0
27.254844,12,2,7,23.4,50,0
26.05484915,13,2,7,24.3,47.66666667,0
22.86555014,14,2,7,25.2,45.33333333,0
20.97853546,15,2,7,26.1,43,0
18.93579655,16,2,7,27,40.66666667,0
20.91594028,17,2,7,27.9,38.33333333,0
20.96021461,18,2,7,28.8,36,0
21.27471714,19,2,7,27.93333333,38.33333333,0
20.14647779,20,2,7,27.06666667,40.66666667,0
18.6945756,21,2,7,26.2,43,0
17.31137557,22,2,7,25.33333333,45.33333333,0
14.67627239,23,2,7,24.46666667,47.66666667,0
11.04575377,24,3,1,23.6,50,0
8.028972983,1,3,1,23.71666667,50.33333333,0
6.509895539,2,3,1,23.83333333,50.66666667,0
5.879363918,3,3,1,23.95,51,0
5.78318119,4,3,1,24.06666667,51.33333333,0
6.131271291,5,3,1,24.18333333,51.66666667,0
10.72209115,6,3,1,24.3,52,0
13.6930706,7,3,1,24.41666667,52.33333333,0
14.66558561,8,3,1,24.53333333,52.66666667,0
16.87015638,9,3,1,24.65,53,0
19.19381065,10,3,1,24.76666667,53.33333333,0
20.53731575,11,3,1,24.88333333,53.66666667,0
22.56478806,12,3,1,25,54,0
19.57548819,13,3,1,25.8,51.5,0
18.69304905,14,3,1,26.6,49,0
17.7899996,15,3,1,27.4,46.5,0
17.55717602,16,3,1,28.2,44,0
20.07624912,17,3,1,29,41.5,0
22.60448246,18,3,1,29.8,39,0
25.2319521,19,3,1,29.13333333,40.33333333,0
24.04569788,20,3,1,28.46666667,41.66666667,0
22.4548645,21,3,1,27.8,43,0
18.46404247,22,3,1,27.13333333,44.33333333,0
16.18466291,23,3,1,26.46666667,45.66666667,0
10.86102171,24,4,2,25.8,47,0
8.126682353,1,4,2,25.71666667,47.5,0
6.51752913,2,4,2,25.63333333,48,0
5.816768718,3,4,2,25.55,48.5,0
6.035088515,4,4,2,25.46666667,49,0
6.378598428,5,4,2,25.38333333,49.5,0
11.78315511,6,4,2,25.3,50,0
14.18314476,7,4,2,25.21666667,50.5,0
14.41215143,8,4,2,25.13333333,51,0
15.89458785,9,4,2,25.05,51.5,0
18.27625704,10,4,2,24.96666667,52,0
20.34800377,11,4,2,24.88333333,52.5,0
20.95105476,12,4,2,24.8,53,0
18.61671352,13,4,2,25.7,50,0
17.43961935,14,4,2,26.6,47,0
17.21824608,15,4,2,27.5,44,0
16.02283154,16,4,2,28.4,41,0
18.20908198,17,4,2,29.3,38,0
22.40906334,18,4,2,30.2,35,0
25.63195,19,4,2,29.5,36.66666667,0
24.46706982,20,4,2,28.8,38.33333333,0
21.72815046,21,4,2,28.1,40,0
19.04877248,22,4,2,27.4,41.66666667,0
16.10069375,23,4,2,26.7,43.33333333,0
10.6946104,24,5,3,26,45,0
7.331265998,1,5,3,26.05,45.5,0
5.743486667,2,5,3,26.1,46,0
5.628983331,3,5,3,26.15,46.5,0
5.505319715,4,5,3,26.2,47,0
6.222873831,5,5,3,26.25,47.5,0
10.6350687,6,5,3,26.3,48,0
14.10680947,7,5,3,26.35,48.5,0
14.45337267,8,5,3,26.4,49,0
16.42588329,9,5,3,26.45,49.5,0
17.59076366,10,5,3,26.5,50,0
20.3846446,11,5,3,26.55,50.5,0
20.83044434,12,5,3,26.6,51,0
19.20029843,13,5,3,27.55,48.83333333,0
17.83198414,14,5,3,28.5,46.66666667,0
17.34343653,15,5,3,29.45,44.5,0
17.33580317,16,5,3,30.4,42.33333333,0
18.99533796,17,5,3,31.35,40.16666667,0
22.40601034,18,5,3,32.3,38,0
26.34950457,19,5,3,31.41666667,40,0
24.89607563,20,5,3,30.53333333,42,0
22.51440649,21,5,3,29.65,44,0
18.7464839,22,5,3,28.76666667,46,0
16.61824889,23,5,3,27.88333333,48,0
11.19689837,24,6,4,27,50,0
8.175537038,1,6,4,26.8,50.5,0
6.685467243,2,6,4,26.6,51,0
5.755700231,3,6,4,26.4,51.5,0
5.471732235,4,6,4,26.2,52,0
6.22287395,5,6,4,26,52.5,0
11.26407356,6,6,4,25.8,53,0
14.58161674,7,6,4,25.6,53.5,0
14.64573808,8,6,4,25.4,54,0
16.39534917,9,6,4,25.2,54.5,0
19.80907412,10,6,4,25,55,0
20.43655376,11,6,4,24.8,55.5,0
21.3678463,12,6,4,24.6,56,0
18.24114265,13,6,4,25.56666667,52.83333333,0
19.46556473,14,6,4,26.53333333,49.66666667,0
15.64878788,15,6,4,27.5,46.5,0
17.39229097,16,6,4,28.46666667,43.33333333,0
18.80602541,17,6,4,29.43333333,40.16666667,0
22.43807087,18,6,4,30.4,37,0
25.06096058,19,6,4,29.6,38.16666667,0
23.20753336,20,6,4,28.8,39.33333333,0
21.62738743,21,6,4,28,40.5,0
19.07014656,22,6,4,27.2,41.66666667,0
15.63199358,23,6,4,26.4,42.83333333,0
11.84880395,24,7,5,25.6,44,0
7.624394512,1,7,5,25.56666667,45.33333333,0
6.14043138,2,7,5,25.53333333,46.66666667,0
5.541960835,3,7,5,25.5,48,0
5.494632721,4,7,5,25.46666667,49.33333333,0
6.08546989,5,7,5,25.43333333,50.66666667,0
10.50835171,6,7,5,25.4,52,0
14.57703624,7,7,5,25.36666667,53.33333333,0
15.10375128,8,7,5,25.33333333,54.66666667,0
17.3144289,9,7,5,25.3,56,0
20.10067644,10,7,5,25.26666667,57.33333333,0
22.22127819,11,7,5,25.23333333,58.66666667,0
22.30219364,12,7,5,25.2,60,0
21.01670313,13,7,5,26.1,56,0
20.60601807,14,7,5,27,52,0
20.22682659,15,7,5,27.9,48,0
19.72968588,16,7,5,28.8,44,0
24.10981941,17,7,5,29.7,40,0
24.52508497,18,7,5,30.6,36,0
26.10523052,19,7,5,29.86666667,38.5,0
24.91592283,20,7,5,29.13333333,41,0
21.69303608,21,7,5,28.4,43.5,0
17.02893391,22,7,5,27.66666667,46,0
14.08543525,23,7,5,26.93333333,48.5,0
12.70070829,24,8,6,26.2,51,0
9.149578667,1,8,6,26.09166667,50.75,0
7.535845256,2,8,6,25.98333333,50.5,0
6.108370614,3,8,6,25.875,50.25,0
5.377076077,4,8,6,25.76666667,50,0
5.78623457,5,8,6,25.65833333,49.75,0
6.389285326,6,8,6,25.55,49.5,0
9.40453949,7,8,6,25.44166667,49.25,0
15.26558285,8,8,6,25.33333333,49,0
21.77853184,9,8,6,25.225,48.75,0
25.59378233,10,8,6,25.11666667,48.5,0
27.68690329,11,8,6,25.00833333,48.25,0
28.05178757,12,8,6,24.9,48,0
27.93423052,13,8,6,25.95,45.66666667,0
26.49606876,14,8,6,27,43.33333333,0
25.62279034,15,8,6,28.05,41,0
23.59073811,16,8,6,29.1,38.66666667,0
24.27317743,17,8,6,30.15,36.33333333,0
23.64875288,18,8,6,31.2,34,0
17.55717597,19,8,6,30.43333333,34.5,0
13.37856808,20,8,6,29.66666667,35,0
15.63657384,21,8,6,28.9,35.5,0
19.62892289,22,8,6,28.13333333,36,0
19.31136699,23,8,6,27.36666667,36.5,0
11.71903341,24,9,7,26.6,37,0
9.430493665,1,9,7,26.58333333,37.5,0
7.392334461,2,9,7,26.56666667,38,0
6.148064971,3,9,7,26.55,38.5,0
6.006080937,4,9,7,26.53333333,39,0
5.807608557,5,9,7,26.51666667,39.5,0
5.990813923,6,9,7,26.5,40,0
7.302258515,7,9,7,26.48333333,40.5,0
12.98162332,8,9,7,26.46666667,41,0
18.28236389,9,9,7,26.45,41.5,0
21.65639496,10,9,7,26.43333333,42,0
24.86096125,11,9,7,26.41666667,42.5,0
26.74186897,12,9,7,26.4,43,0
26.72507534,13,9,7,27.26666667,40.83333333,0
23.66860027,14,9,7,28.13333333,38.66666667,0
20.47777424,15,9,7,29,36.5,0
20.10983667,16,9,7,29.86666667,34.33333333,0
19.72510548,17,9,7,30.73333333,32.16666667,0
21.26861086,18,9,7,31.6,30,0
23.00906086,19,9,7,30.76666667,32.16666667,0
21.18006124,20,9,7,29.93333333,34.33333333,0
20.26861467,21,9,7,29.1,36.5,0
17.88083854,22,9,7,28.26666667,38.66666667,0
15.5892458,23,9,7,27.43333333,40.83333333,0
10.59537401,24,10,1,26.6,43,0
8.056453824,1,10,1,26.56666667,43.16666667,0
5.978600097,2,10,1,26.53333333,43.33333333,0
5.67478466,3,10,1,26.5,43.5,0
5.357228851,4,10,1,26.46666667,43.66666667,0
5.80608182,5,10,1,26.43333333,43.83333333,0
10.02896419,6,10,1,26.4,44,0
14.40451789,7,10,1,26.36666667,44.16666667,0
14.53734159,8,10,1,26.33333333,44.33333333,0
16.17092214,9,10,1,26.3,44.5,0
19.04419255,10,10,1,26.26666667,44.66666667,0
21.30219803,11,10,1,26.23333333,44.83333333,0
22.253339,12,10,1,26.2,45,0
18.04266987,13,10,1,27.1,43,0
16.74343891,14,10,1,28,41,0
17.61061101,15,10,1,28.9,39,0
15.32817807,16,10,1,29.8,37,0
19.66098385,17,10,1,30.7,35,0
21.74952402,18,10,1,31.6,33,0
24.69760313,19,10,1,30.7,34.5,0
23.59837151,20,10,1,29.8,36,0
21.44112883,21,10,1,28.9,37.5,0
18.18923464,22,10,1,28,39,0
14.44115891,23,10,1,27.1,40.5,0
11.46101923,24,11,2,26.2,42,0
7.528211737,1,11,2,26.2,42.41666667,0
6.05035553,2,11,2,26.2,42.83333333,0
5.262572765,3,11,2,26.2,43.25,0
5.438144469,4,11,2,26.2,43.66666667,0
5.657990861,5,11,2,26.2,44.08333333,0
10.28697853,6,11,2,26.2,44.5,0
13.47475104,7,11,2,26.2,44.91666667,0
13.60604801,8,11,2,26.2,45.33333333,0
15.63504691,9,11,2,26.2,45.75,0
17.59992404,10,11,2,26.2,46.16666667,0
20.38922472,11,11,2,26.2,46.58333333,0
21.43196878,12,11,2,26.2,47,0
18.91900206,13,11,2,26.7,45.66666667,0
18.20144792,14,11,2,27.2,44.33333333,0
17.50068769,15,11,2,27.7,43,0
16.12206769,16,11,2,28.2,41.66666667,0
18.2701499,17,11,2,28.7,40.33333333,0
23.1220377,18,11,2,29.2,39,0
24.79836626,19,11,2,28.43333333,41.83333333,0
23.02432814,20,11,2,27.66666667,44.66666667,0
21.86250086,21,11,2,26.9,47.5,0
18.40144749,22,11,2,26.13333333,50.33333333,0
16.0945869,23,11,2,25.36666667,53.16666667,0
11.02590661,24,12,3,24.6,56,0
7.766378617,1,12,3,24.65,55.58333333,0
6.348064137,2,12,3,24.7,55.16666667,0
5.587762189,3,12,3,24.75,54.75,0
5.705318832,4,12,3,24.8,54.33333333,0
6.322110057,5,12,3,24.85,53.91666667,0
11.6243773,6,12,3,24.9,53.5,0
13.5403995,7,12,3,24.95,53.08333333,0
14.57856312,8,12,3,25,52.66666667,0
14.86558461,9,12,3,25.05,52.25,0
16.04115195,10,12,3,25.1,51.83333333,0
20.53120909,11,12,3,25.15,51.41666667,0
21.67013531,12,12,3,25.2,51,0
17.96328144,13,12,3,25.76666667,49.33333333,0
18.39381366,14,12,3,26.33333333,47.66666667,0
16.52511964,15,12,3,26.9,46,0
15.5831388,16,12,3,27.46666667,44.33333333,0
18.51442423,17,12,3,28.03333333,42.66666667,0
22.48234558,18,12,3,28.6,41,0
25.76019373,19,12,3,28,43.5,0
25.03500586,20,12,3,27.4,46,0
21.824333,21,12,3,26.8,48.5,0
19.64724369,22,12,3,26.2,51,0
14.74344788,23,12,3,25.6,53.5,0
10.51445832,24,13,4,25,56,0
7.545005608,1,13,4,25.01666667,55.58333333,0
5.786234593,2,13,4,25.03333333,55.16666667,0
5.529747152,3,13,4,25.05,54.75,0
5.430510926,4,13,4,25.06666667,54.33333333,0
5.856463242,5,13,4,25.08333333,53.91666667,0
11.01827302,6,13,4,25.1,53.5,0
12.9648294,7,13,4,25.11666667,53.08333333,0
13.51597204,8,13,4,25.13333333,52.66666667,0
15.18008718,9,13,4,25.15,52.25,0
17.73580103,10,13,4,25.16666667,51.83333333,0
19.64113636,11,13,4,25.18333333,51.41666667,0
21.12357302,12,13,4,25.2,51,0
19.63808336,13,13,4,25.93333333,50.66666667,0
17.34038324,14,13,4,26.66666667,50.33333333,0
17.69457994,15,13,4,27.4,50,0
16.86557627,16,13,4,28.13333333,49.66666667,0
18.38923368,17,13,4,28.86666667,49.33333333,0
23.52508936,18,13,4,29.6,49,0
25.25332594,19,13,4,28.76666667,50.83333333,0
23.97852278,20,13,4,27.93333333,52.66666667,0
22.16020985,21,13,4,27.1,54.5,0
18.1419066,22,13,4,26.26666667,56.33333333,0
13.89154305,23,13,4,25.43333333,58.16666667,0
10.92667027,24,14,5,24.6,60,0
7.444242668,1,14,5,24.45,61.41666667,0
5.909898114,2,14,5,24.3,62.83333333,0
5.645777202,3,14,5,24.15,64.25,0
5.413717079,4,14,5,24,65.66666667,0
6.435086679,5,14,5,23.85,67.08333333,0
10.89613609,6,14,5,23.7,68.5,0
13.30986629,7,14,5,23.55,69.91666667,0
14.01673336,8,14,5,23.4,71.33333333,0
17.32664256,9,14,5,23.25,72.75,0
20.01060057,10,14,5,23.1,74.16666667,0
21.06555786,11,14,5,22.95,75.58333333,0
22.42891083,12,14,5,22.8,77,0
21.24265652,13,14,5,23.56666667,72.83333333,0
20.74036856,14,14,5,24.33333333,68.66666667,0
21.03655024,15,14,5,25.1,64.5,0
19.28083248,16,14,5,25.86666667,60.33333333,0
18.35411921,17,14,5,26.63333333,56.16666667,0
21.789219,18,14,5,27.4,52,0
24.37852058,19,14,5,26.73333333,55,0
22.81364193,20,14,5,26.06666667,58,0
19.58617477,21,14,5,25.4,61,0
16.74954605,22,14,5,24.73333333,64,0
13.25185132,23,14,5,24.06666667,67,0
11.05491385,24,15,6,23.4,70,0
8.021339488,1,15,6,23.15,71.58333333,0
6.607605028,2,15,6,22.9,73.16666667,0
5.995393944,3,15,6,22.65,74.75,0
5.522113585,4,15,6,22.4,76.33333333,0
5.69921205,5,15,6,22.15,77.91666667,0
6.888519931,6,15,6,21.9,79.5,0
8.732786798,7,15,6,21.65,81.08333333,0
14.19993849,8,15,6,21.4,82.66666667,0
17.68236666,9,15,6,21.15,84.25,0
23.18615923,10,15,6,20.9,85.83333333,0
26.5174428,11,15,6,20.65,87.41666667,0
27.22431011,12,15,6,20.4,89,0
27.6441556,13,15,6,20.1,89.16666667,0
24.91134291,14,15,6,19.8,89.33333333,0
23.39226542,15,15,6,19.5,89.5,0
18.29915738,16,15,6,19.2,89.66666667,0
19.22587128,17,15,6,18.9,89.83333333,0
18.93884935,18,15,6,18.6,90,0
20.38311815,19,15,6,18.6,91.33333333,0
18.87625456,20,15,6,18.6,92.66666667,0
16.58466105,21,15,6,18.6,94,0
13.68391042,22,15,6,18.6,95.33333333,0
11.39995074,23,15,6,18.6,96.66666667,0
8.051873541,24,16,7,18.6,98,0
6.844245195,1,16,7,18.8,97.08333333,0
6.316003132,2,16,7,19,96.16666667,0
5.793868089,3,16,7,19.2,95.25,0
5.824402332,4,16,7,19.4,94.33333333,0
5.917531753,5,16,7,19.6,93.41666667,0
6.199973226,6,16,7,19.8,92.5,0
9.344997692,7,16,7,20,91.58333333,0
14.33276243,8,16,7,20.2,90.66666667,0
18.92052851,9,16,7,20.4,89.75,0
22.47013206,10,16,7,20.6,88.83333333,0
23.87623243,11,16,7,20.8,87.91666667,0
24.33729944,12,16,7,21,87,0
23.66554651,13,16,7,21.53333333,85.33333333,0
21.10677919,14,16,7,22.06666667,83.66666667,0
17.85183125,15,16,7,22.6,82,0
17.03656774,16,16,7,23.13333333,80.33333333,0
16.8106144,17,16,7,23.66666667,78.66666667,0
20.71899443,18,16,7,24.2,77,0
21.13578663,19,16,7,23.8,79.16666667,0
18.84877357,20,16,7,23.4,81.33333333,0
15.74497004,21,16,7,23,83.5,0
14.383144,22,16,7,22.6,85.66666667,0
10.73430481,23,16,7,22.2,87.83333333,0
7.912942934,24,17,1,21.8,90,0
6.870199394,1,17,1,21.81666667,89.25,0
5.969439936,2,17,1,21.83333333,88.5,0
5.583182001,3,17,1,21.85,87.75,0
5.683945012,4,17,1,21.86666667,87,0
6.418292832,5,17,1,21.88333333,86.25,0
11.67933888,6,17,1,21.9,85.5,0
14.58466992,7,17,1,21.91666667,84.75,0
15.35107875,8,17,1,21.93333333,84,0
16.81977453,9,17,1,21.95,83.25,0
19.16785603,10,17,1,21.96666667,82.5,0
21.29914455,11,17,1,21.98333333,81.75,0
18.83961296,12,17,1,22,81,0
18.88541451,13,17,1,21.66666667,83.5,0
16.07015972,14,17,1,21.33333333,86,0
14.39383101,15,17,1,21,88.5,0
13.05185204,16,17,1,20.66666667,91,0
14.66253233,17,17,1,20.33333333,93.5,0
19.34648132,18,17,1,20,96,0
22.5785284,19,17,1,19.93333333,96.16666667,0
19.85792942,20,17,1,19.86666667,96.33333333,0
16.796874,21,17,1,19.8,96.5,0
13.88543634,22,17,1,19.73333333,96.66666667,0
10.64270215,23,17,1,19.66666667,96.83333333,0
8.1923311,24,18,2,19.6,97,0
6.346537495,1,18,2,19.65,96.08333333,0
5.864096856,2,18,2,19.7,95.16666667,0
5.659517574,3,18,2,19.75,94.25,0
5.61218946,4,18,2,19.8,93.33333333,0
6.584704375,5,18,2,19.85,92.41666667,0
11.30682144,6,18,2,19.9,91.5,0
15.44115481,7,18,2,19.95,90.58333333,0
15.25031581,8,18,2,20,89.66666667,0
16.23809781,9,18,2,20.05,88.75,0
17.49610758,10,18,2,20.1,87.83333333,0
19.73273916,11,18,2,20.15,86.91666667,0
19.92052469,12,18,2,20.2,86,0
17.64877896,13,18,2,21.36666667,81.16666667,0
16.51595922,14,18,2,22.53333333,76.33333333,0
17.06710215,15,18,2,23.7,71.5,0
16.88084326,16,18,2,24.86666667,66.66666667,0
17.39687147,17,18,2,26.03333333,61.83333333,0
21.90830193,18,18,2,27.2,57,0
24.43348207,19,18,2,26.43333333,59.83333333,0
22.64723015,20,18,2,25.66666667,62.66666667,0
20.13426409,21,18,2,24.9,65.5,0
15.78161149,22,18,2,24.13333333,68.33333333,0
12.24269514,23,18,2,23.36666667,71.16666667,0
9.024388552,24,19,3,22.6,74,0
7.074778533,1,19,3,22.51666667,73.66666667,0
6.015241218,2,19,3,22.43333333,73.33333333,0
5.731272936,3,19,3,22.35,73,0
5.712952423,4,19,3,22.26666667,72.66666667,0
6.175545835,5,19,3,22.18333333,72.33333333,0
11.37552323,6,19,3,22.1,72,0
14.58161654,7,19,3,22.01666667,71.66666667,0
15.29459038,8,19,3,21.93333333,71.33333333,0
16.74038572,9,19,3,21.85,71,0
17.10374274,10,19,3,21.76666667,70.66666667,0
19.74800634,11,19,3,21.68333333,70.33333333,0
20.12968416,12,19,3,21.6,70,0
16.9403851,13,19,3,22.53333333,67.16666667,0
17.6854197,14,19,3,23.46666667,64.33333333,0
15.99993091,15,19,3,24.4,61.5,0
15.78619151,16,19,3,25.33333333,58.66666667,0
16.2640522,17,19,3,26.26666667,55.83333333,0
21.16784697,18,19,3,27.2,53,0
25.50828695,19,19,3,26.5,55.16666667,0
23.79684381,20,19,3,25.8,57.33333333,0
19.63197613,21,19,3,25.1,59.5,0
15.58619223,22,19,3,24.4,61.66666667,0
11.94498649,23,19,3,23.7,63.83333333,0
8.574008989,24,20,4,23,66,0
7.003023243,1,20,4,23.06666667,66,0
5.702265453,2,20,4,23.13333333,66,0
5.598449016,3,20,4,23.2,66,0
5.548067713,4,20,4,23.26666667,66,0
6.116004038,5,20,4,23.33333333,66,0
12.40757995,6,20,4,23.4,66,0
15.2777966,7,20,4,23.46666667,66,0
15.31443748,8,20,4,23.53333333,66,0
16.47015786,9,20,4,23.6,66,0
17.16939158,10,20,4,23.66666667,66,0
19.71747189,11,20,4,23.73333333,66,0
21.84876041,12,20,4,23.8,66,0
18.31289797,13,20,4,24.66666667,61.5,0
17.81213703,14,20,4,25.53333333,57,0
17.63656516,15,20,4,26.4,52.5,0
15.35565882,16,20,4,27.26666667,48,0
16.51748567,17,20,4,28.13333333,43.5,0
21.80753908,18,20,4,29,39,0
24.29149799,19,20,4,28.26666667,41.83333333,0
21.67624226,20,20,4,27.53333333,44.66666667,0
18.72663684,21,20,4,26.8,47.5,0
16.3999289,22,20,4,26.06666667,50.33333333,0
12.65490723,23,20,4,25.33333333,53.16666667,0
9.473241425,24,21,5,24.6,56,0
7.222869539,1,21,5,24.56666667,56.83333333,0
5.601502585,2,21,5,24.53333333,57.66666667,0
5.737379837,3,21,5,24.5,58.5,0
5.590815544,4,21,5,24.46666667,59.33333333,0
6.018294573,5,21,5,24.43333333,60.16666667,0
11.96178045,6,21,5,24.4,61,0
16.97091913,7,21,5,24.36666667,61.83333333,0
16.94496508,8,21,5,24.33333333,62.66666667,0
16.86710253,9,21,5,24.3,63.5,0
19.3495348,10,21,5,24.26666667,64.33333333,0
21.74189081,11,21,5,24.23333333,65.16666667,0
21.4289156,12,21,5,24.2,66,0
20.33731661,13,21,5,24.83333333,63.5,0
19.94037199,14,21,5,25.46666667,61,0
18.54801159,15,21,5,26.1,58.5,0
18.6793088,16,21,5,26.73333333,56,0
19.88388329,17,21,5,27.36666667,53.5,0
22.88539724,18,21,5,28,51,0
23.98462887,19,21,5,27.46666667,52.16666667,0
21.47166309,20,21,5,26.93333333,53.33333333,0
18.15564671,21,21,5,26.4,54.5,0
15.48084912,22,21,5,25.86666667,55.66666667,0
12.94803557,23,21,5,25.33333333,56.83333333,0
10.49613781,24,22,6,24.8,58,0
8.097674966,1,22,6,24.51666667,60.25,0
6.737375474,2,22,6,24.23333333,62.5,0
6.114477444,3,22,6,23.95,64.75,0
5.842722821,4,22,6,23.66666667,67,0
6.119057608,5,22,6,23.38333333,69.25,0
7.798439598,6,22,6,23.1,71.5,0
13.10834026,7,22,6,22.81666667,73.75,0
17.54190912,8,22,6,22.53333333,76,0
23.13730469,9,22,6,22.25,78.25,0
26.34645109,10,22,6,21.96666667,80.5,0
27.42583561,11,22,6,21.68333333,82.75,0
27.01515045,12,22,6,21.4,85,0
26.65026636,13,22,6,22.43333333,79.66666667,0
24.96783123,14,22,6,23.46666667,74.33333333,0
24.06096497,15,22,6,24.5,69,0
22.59837542,16,22,6,25.53333333,63.66666667,0
21.82738647,17,22,6,26.56666667,58.33333333,0
20.82433758,18,22,6,27.6,53,0
20.5312088,19,22,6,26.53333333,58,0
19.480832,20,22,6,25.46666667,63,0
16.50374551,21,22,6,24.4,68,0
12.57093816,22,22,6,23.33333333,73,0
11.18163123,23,22,6,22.26666667,78,0
9.61064558,24,23,7,21.2,83,0
7.977064681,1,23,7,21.33333333,82.25,0
7.138900566,2,23,7,21.46666667,81.5,0
6.3694381,3,23,7,21.6,80.75,0
5.832035995,4,23,7,21.73333333,80,0
5.917531705,5,23,7,21.86666667,79.25,0
6.437631289,6,23,7,22,78.5,0
9.682400799,7,23,7,22.13333333,77.75,0
14.6304709,8,23,7,22.26666667,77,0
20.05487518,9,23,7,22.4,76.25,0
23.52356243,10,23,7,22.53333333,75.5,0
25.81057539,11,23,7,22.66666667,74.75,0
26.83805208,12,23,7,22.8,74,0
24.99225836,13,23,7,23.83333333,69.33333333,0
23.16325884,14,23,7,24.86666667,64.66666667,0
19.46251106,15,23,7,25.9,60,0
19.05945978,16,23,7,26.93333333,55.33333333,0
19.20602417,17,23,7,27.96666667,50.66666667,0
20.94494772,18,23,7,29,46,0
23.42585268,19,23,7,27.9,52.66666667,0
19.12968826,20,23,7,26.8,59.33333333,0
16.57244782,21,23,7,25.7,66,0
14.97092762,22,23,7,24.6,72.66666667,0
12.41368675,23,23,7,23.5,79.33333333,0
9.132784891,24,24,1,22.4,86,0
7.254930544,1,24,1,22.58333333,84.41666667,0
5.874783802,2,24,1,22.76666667,82.83333333,0
5.505319786,3,24,1,22.95,81.25,0
5.486999178,4,24,1,23.13333333,79.66666667,0
6.435086656,5,24,1,23.31666667,78.08333333,0
11.34651575,6,24,1,23.5,76.5,0
14.86405783,7,24,1,23.68333333,74.91666667,0
15.20298762,8,24,1,23.86666667,73.33333333,0
17.30679569,9,24,1,24.05,71.75,0
19.35258799,10,24,1,24.23333333,70.16666667,0
20.76326923,11,24,1,24.41666667,68.58333333,0
20.41059904,12,24,1,24.6,67,0
18.63503389,13,24,1,25.2,65.16666667,0
18.37854633,14,24,1,25.8,63.33333333,0
16.8167213,15,24,1,26.4,61.5,0
16.46863112,16,24,1,27,59.66666667,0
16.25031152,17,24,1,27.6,57.83333333,0
19.37090874,18,24,1,28.2,56,0
23.77546997,19,24,1,26.5,61,0
21.97089748,20,24,1,24.8,66,0
18.26404352,21,24,1,23.1,71,0
14.43657889,22,24,1,21.4,76,0
11.50376716,23,24,1,19.7,81,0
8.195384407,24,25,2,18,86,0
6.741955543,1,25,2,18.3,85.91666667,0
5.999974155,2,25,2,18.6,85.83333333,0
5.570968246,3,25,2,18.9,85.75,0
5.477838898,4,25,2,19.2,85.66666667,0
6.201499844,5,25,2,19.5,85.58333333,0
10.96941819,6,25,2,19.8,85.5,0
14.46711316,7,25,2,20.1,85.41666667,0
13.86558886,8,25,2,20.4,85.33333333,0
15.75565696,9,25,2,20.7,85.25,0
15.54039097,10,25,2,21,85.16666667,0
17.72206087,11,25,2,21.3,85.08333333,0
20.40601883,12,25,2,21.6,85,0
